"","geoid","county","sex","estimate","moe","summary_est","summary_moe","prop","prop_moe"
"1","06001","Alameda","Male",44644,1059,48602,1192,0.918563022097856,0.0313416799588897
"2","06001","Alameda","Female",3958,401,48602,1192,0.081436977902144,0.00800528935788117
