"","geoid","county","sex","estimate","moe","summary_est","summary_moe","prop","prop_moe"
"1","06055","Napa","Male",6780,478,7363,519,0.920820317805242,0.00128915480110478
"2","06055","Napa","Female",583,141,7363,519,0.0791796821947576,0.0183184428076765
