"","geoid","county","sex","estimate","moe","summary_est","summary_moe","prop","prop_moe"
"1","06073","San Diego","Male",192334,2544,217188,3031,0.885564579995212,0.0170275781477432
"2","06073","San Diego","Female",24854,1342,217188,3031,0.114435420004788,0.00596902846361391
