"","geoid","county","sex","estimate","moe","summary_est","summary_moe","prop","prop_moe"
"1","06095","Solano","Male",29953,1020,33337,1094,0.898491165971743,0.00817158809848841
"2","06095","Solano","Female",3384,417,33337,1094,0.101508834028257,0.0120569105486483
